date,month,calm,light,gentle,quality
2026-01-01,Jan,99.8,0.2,0.0,GOOD
2026-01-02,Jan,94.6,5.1,0.3,GOOD
2026-01-03,Jan,77.8,19.4,2.7,GOOD
2026-01-04,Jan,90.3,9.4,0.3,GOOD
2026-01-05,Jan,78.4,18.0,3.5,GOOD
2026-01-06,Jan,80.3,16.1,3.5,GOOD
2026-01-07,Jan,59.3,26.6,13.5,FAIR
2026-01-08,Jan,53.6,22.2,23.5,FAIR
2026-01-09,Jan,58.7,12.9,23.0,FAIR
2026-01-10,Jan,81.8,13.9,4.2,GOOD
2026-01-11,Jan,82.6,15.1,2.3,GOOD
2026-01-12,Jan,77.9,18.9,3.1,GOOD
2026-01-13,Jan,89.8,9.0,1.2,GOOD
2026-01-14,Jan,93.4,6.6,0.0,GOOD
2026-01-15,Jan,98.0,2.0,0.0,GOOD
2026-01-16,Jan,99.2,0.8,0.1,GOOD
2026-01-17,Jan,99.2,0.8,0.0,GOOD
2026-01-18,Jan,99.2,0.8,0.0,GOOD
2026-01-19,Jan,88.7,10.5,0.8,GOOD
2026-01-20,Jan,96.7,3.3,0.0,GOOD
2026-01-21,Jan,97.7,2.3,0.0,GOOD
2026-01-22,Jan,92.2,7.7,0.1,GOOD
2026-01-23,Jan,79.6,15.3,5.2,GOOD
2026-01-24,Jan,92.8,7.2,0.1,GOOD
2026-01-25,Jan,93.2,6.7,0.1,GOOD
2026-01-26,Jan,94.9,4.2,0.9,GOOD
2026-01-27,Jan,88.6,10.2,1.1,GOOD
2026-01-28,Jan,96.7,2.6,0.6,GOOD
2026-01-29,Jan,98.1,1.9,0.0,GOOD
2026-01-30,Jan,99.0,1.0,0.0,GOOD
2026-01-31,Jan,98.6,1.3,0.1,GOOD
2026-02-01,Feb,98.6,1.3,0.1,GOOD
2026-02-02,Feb,90.1,9.4,0.6,GOOD
2026-02-03,Feb,80.7,14.6,4.7,GOOD
2026-02-04,Feb,85.0,9.0,5.6,GOOD
2026-02-05,Feb,98.0,2.0,0.0,GOOD
2026-02-06,Feb,88.2,10.0,1.8,GOOD
2026-02-07,Feb,98.1,1.8,0.1,GOOD
2026-02-08,Feb,92.6,7.4,0.0,GOOD
2026-02-09,Feb,90.8,8.8,0.4,GOOD
2026-02-10,Feb,94.4,5.0,0.6,GOOD
2026-02-11,Feb,82.9,16.4,0.6,GOOD
2026-02-12,Feb,83.9,15.8,0.3,GOOD
2026-02-13,Feb,84.5,15.3,0.2,GOOD
2026-02-14,Feb,85.3,14.7,0.1,GOOD
2026-02-15,Feb,89.7,10.3,0.0,GOOD
2026-02-16,Feb,87.1,12.7,0.2,GOOD
2026-02-17,Feb,84.6,15.3,0.1,GOOD
2026-02-18,Feb,85.9,13.4,0.7,GOOD
2026-02-19,Feb,74.5,25.1,0.4,GOOD
2026-02-20,Feb,80.6,18.5,0.9,GOOD
2026-02-21,Feb,83.6,16.1,0.2,GOOD
2026-02-22,Feb,78.6,20.5,0.9,GOOD
2026-02-23,Feb,79.3,20.5,0.1,GOOD
2026-02-24,Feb,80.2,18.0,1.8,GOOD
2026-02-25,Feb,64.7,33.8,1.5,FAIR
2026-02-26,Feb,80.2,16.6,2.4,GOOD
2026-02-27,Feb,92.3,6.8,1.0,GOOD
2026-02-28,Feb,83.2,16.3,0.5,GOOD
2026-03-01,Mar,78.2,21.6,0.2,GOOD
2026-03-02,Mar,76.3,23.7,0.0,GOOD
2026-03-03,Mar,72.3,27.6,0.1,GOOD
2026-03-04,Mar,69.3,26.3,4.4,FAIR
2026-03-05,Mar,82.6,17.3,0.1,GOOD
2026-03-06,Mar,79.8,19.9,0.3,GOOD
2026-03-07,Mar,86.0,13.8,0.2,GOOD
2026-03-08,Mar,90.1,9.5,0.4,GOOD
2026-03-09,Mar,88.2,11.7,0.1,GOOD
2026-03-10,Mar,78.3,20.8,0.9,GOOD
2026-03-11,Mar,87.7,12.1,0.2,GOOD
2026-03-12,Mar,80.3,19.6,0.1,GOOD
2026-03-13,Mar,57.4,36.4,6.1,FAIR
2026-03-14,Mar,87.3,12.3,0.5,GOOD
2026-03-15,Mar,83.3,16.7,0.0,GOOD
2026-03-16,Mar,79.6,20.1,0.3,GOOD
2026-03-17,Mar,69.5,27.2,3.4,FAIR
2026-03-18,Mar,66.8,29.7,3.5,FAIR
2026-03-19,Mar,60.7,37.3,2.0,FAIR
2026-03-20,Mar,87.2,11.1,0.7,GOOD
2026-03-21,Mar,61.9,37.0,1.1,FAIR
2026-03-22,Mar,74.2,25.2,0.6,GOOD
2026-03-23,Mar,72.7,26.6,0.7,GOOD
2026-03-24,Mar,75.5,24.2,0.3,GOOD
2026-03-25,Mar,75.5,23.9,0.6,GOOD
2026-03-26,Mar,85.8,14.2,0.0,GOOD
2026-03-27,Mar,69.0,29.8,1.2,FAIR
2026-03-28,Mar,64.8,32.1,3.1,FAIR
2026-03-29,Mar,70.4,28.3,1.3,GOOD
2026-03-30,Mar,61.4,34.9,3.7,FAIR
2026-03-31,Mar,80.4,19.4,0.1,GOOD
2026-04-01,Apr,77.0,22.8,0.1,GOOD
2026-04-02,Apr,65.0,31.0,4.0,FAIR
2026-04-03,Apr,62.8,33.2,4.0,FAIR
2026-04-04,Apr,76.9,22.7,0.4,GOOD
2026-04-05,Apr,71.6,26.0,2.4,GOOD
2026-04-06,Apr,56.4,38.3,5.3,FAIR
2026-04-07,Apr,63.8,33.0,3.1,FAIR
2026-04-08,Apr,80.5,18.9,0.6,GOOD
2026-04-09,Apr,74.1,24.1,1.8,GOOD
2026-04-10,Apr,67.2,31.4,1.4,FAIR
2026-04-11,Apr,62.4,35.8,1.8,FAIR
2026-04-12,Apr,59.8,37.4,2.8,FAIR
2026-04-13,Apr,73.8,25.5,0.7,GOOD
2026-04-14,Apr,80.2,19.5,0.3,GOOD
2026-04-15,Apr,76.3,22.2,1.5,GOOD
2026-04-16,Apr,71.6,27.8,0.7,GOOD
2026-04-17,Apr,75.8,23.7,0.6,GOOD
2026-04-18,Apr,75.7,22.3,2.0,GOOD
2026-04-19,Apr,69.7,28.7,1.6,FAIR
2026-04-20,Apr,72.9,23.9,3.1,GOOD
2026-04-21,Apr,80.5,17.9,1.5,GOOD
2026-04-22,Apr,74.4,24.6,1.0,GOOD
2026-04-23,Apr,73.6,21.5,4.7,GOOD
2026-04-24,Apr,67.9,28.6,3.5,FAIR
2026-04-25,Apr,75.6,23.1,1.3,GOOD
2026-04-26,Apr,66.9,30.2,3.0,FAIR
2026-04-27,Apr,65.6,30.5,3.9,FAIR
2026-04-28,Apr,71.1,28.0,0.8,GOOD
2026-04-29,Apr,55.0,37.5,7.6,FAIR
2026-04-30,Apr,58.8,39.4,1.8,FAIR
2026-05-01,May,62.1,35.2,2.8,FAIR
2026-05-02,May,75.2,21.9,2.9,GOOD
2026-05-03,May,68.8,29.4,1.7,FAIR
2026-05-04,May,67.8,31.0,1.0,FAIR
2026-05-05,May,74.6,25.1,0.4,GOOD
2026-05-06,May,72.4,27.0,0.6,GOOD
2026-05-07,May,71.2,24.6,4.1,GOOD
2026-05-08,May,71.1,25.3,3.6,GOOD
2026-05-09,May,71.2,26.0,2.8,GOOD
2026-05-10,May,77.3,22.7,0.0,GOOD
2026-05-11,May,77.0,22.0,1.0,GOOD
2026-05-12,May,86.5,12.9,0.6,GOOD
2026-05-13,May,84.8,13.6,0.9,GOOD
2026-05-14,May,78.7,21.2,0.1,GOOD
2026-05-15,May,89.6,7.7,2.3,GOOD
2026-05-16,May,66.7,30.1,3.1,FAIR
2026-05-17,May,66.2,17.7,11.1,FAIR
2026-05-18,May,46.6,30.9,16.3,POOR
2026-05-19,May,32.1,34.9,28.9,POOR
2026-05-20,May,77.8,15.3,6.7,GOOD
2026-05-21,May,77.8,21.5,0.7,GOOD
2026-05-22,May,86.3,13.5,0.2,GOOD
2026-05-23,May,76.7,23.2,0.1,GOOD
2026-05-24,May,80.9,19.1,0.0,GOOD
2026-05-25,May,86.0,11.7,0.9,GOOD
2026-05-26,May,79.5,18.6,1.7,GOOD
2026-05-27,May,76.4,23.1,0.6,GOOD
2026-05-28,May,86.5,13.0,0.4,GOOD
2026-05-29,May,91.0,7.2,1.5,GOOD
2026-05-30,May,83.6,15.6,0.8,GOOD
2026-05-31,May,69.6,19.9,9.1,FAIR
